{"0":[52.9059372167,5.39862295754],"1":[51.9058076909,5.52345187816],"2":[52.057017481,4.36610779495],"3":[53.1294678289,6.59118700816],"4":[52.1339653,6.33337622211],"5":[51.1618494532,5.9096059848],"6":[51.3544987038,3.49015144243],"7":[52.6561544239,4.92848399788],"8":[52.9100710738,5.99480006726],"9":[51.544029,4.95665321448],"10":[53.1161003841,7.07808939354],"11":[51.4951213,4.37721830593],"12":[51.620776676,5.95472494199],"13":[52.7554683714,6.74619700742],"14":[51.89690886,4.80653333051],"15":[51.6363319156,3.82188253211],"16":[53.1046075403,5.71759890773],"17":[52.1778818125,5.99543955772],"18":[52.2212434775,5.23660757844],"19":[53.1917158483,6.06970267959],"20":[51.0005370341,5.81964460546],"21":[51.679810688,5.21635602747],"22":[52.1340783036,4.80033379875],"23":[52.6660710912,6.39569779813],"24":[51.5422708667,5.68222300163],"25":[52.4009149556,6.08486684882],"26":[52.3418251444,6.87770967544],"27":[51.9222079222,4.22238150407],"28":[53.0719170222,4.86293597626],"29":[51.9044218472,6.39368085139],"30":[51.9966876476,5.7503698712],"31":[52.4073040797,4.65161988309],"32":[52.0403580895,5.26700642728],"33":[52.8791262813,5.00395012904],"34":[51.5730500604,4.59117240021],"35":[50.83734215,5.78286249344],"36":[53.2502504614,6.90215954898],"37":[52.6913191542,5.72655060344],"38":[51.277674005,3.85613194923],"39":[53.0361038833,5.50646153546],"40":[53.2389734065,6.26758701884],"41":[51.4860803345,6.07448548155],"42":[51.9875922586,5.05405464958],"43":[51.95096483,4.62004289595],"44":[53.3408592865,6.70356141082],"45":[52.9020343605,6.94122123897],"46":[52.2967822658,6.60404289199],"47":[51.39721465,5.37023646334],"48":[52.6924740921,5.07980446146],"49":[51.3580537722,4.06772848999],"50":[50.8760151227,5.94089905823],"51":[51.52005759,3.58571007191],"52":[52.1469720636,5.48618383788],"53":[51.9911860259,6.19329884608],"54":[52.0170036107,6.6959973754],"55":[52.2445569397,5.00081879034],"56":[52.2060612714,4.56172175545],"57":[53.0664483283,6.76173776102],"58":[51.752659712,5.85463011561],"59":[53.3126507533,5.67723624515],"60":[53.0186066133,6.26950731115],"61":[52.90667218,5.60305998991],"62":[51.6263547841,4.22386703264],"63":[52.8107540306,4.80913561304],"64":[51.7801551065,4.46904828655],"65":[51.6890014087,5.45487362604],"66":[53.31741818,5.28883096713],"67":[51.8586319608,5.29170555443],"68":[51.4313427647,5.18758992394],"69":[52.5236223042,6.62098884844],"70":[52.3411881875,5.73546650227],"71":[51.6478759909,4.82784188956],"72":[52.6617923593,4.72798133693],"73":[51.3344505406,5.88298796347],"74":[52.4932245056,5.0241732028],"75":[52.7872050619,6.54775313074],"76":[51.923062531,6.00923666641],"77":[51.33459565,5.62225091003],"78":[52.223398,6.17194329888],"79":[52.93709416,5.82248217526],"80":[51.2908745972,6.05773812324],"81":[52.7171460458,6.95933612137],"82":[52.5013074182,4.82601889129],"83":[51.8071738015,5.02078297364],"84":[51.8050008538,5.68141264922],"85":[53.3427492205,6.45440773975],"86":[53.2561080692,5.8539043798],"87":[51.7513340342,4.03889562637],"88":[53.1770432227,5.54090273408],"89":[52.3135367111,6.3303018818],"90":[52.8359538938,6.20738679016],"91":[52.5707065861,5.96209749504],"92":[52.6653670769,5.24126757111],"93":[52.7316634219,6.09038205919],"94":[51.4708158208,3.85508741507],"95":[52.0487531265,6.53450392342],"96":[53.0283164611,6.0730582977],"97":[52.4926714,6.34853826643],"98":[53.3440934205,6.03984627321],"99":[53.0877411971,6.41111253902]}
