{"0":[52.04177533,4.51345571835],"1":[52.3558410083,6.08979494766],"2":[52.02568424,5.56190234958],"3":[53.25700146,5.90411204564],"4":[50.8986077643,5.88301020506],"5":[53.1536636714,6.91374743833],"6":[52.597114,4.92174058649],"7":[51.6710499667,4.11628602189],"8":[52.4661240786,6.59450034745],"9":[51.8828204,6.08655756627],"10":[51.6816802625,4.88595127347],"11":[53.0862791714,5.48384429206],"12":[51.5230695,5.61079171806],"13":[52.0882873063,4.90436419117],"14":[53.118599525,6.43198856509],"15":[52.9536164375,6.19668968132],"16":[51.2512499133,6.00827620722],"17":[51.3365549875,3.97607991882],"18":[51.52621291,3.52796314622],"19":[51.830334725,4.43864239055],"20":[52.594690425,5.99172084536],"21":[52.22472186,6.3213934164],"22":[52.3636296667,6.99968409876],"23":[51.8098741611,5.35640989141],"24":[51.831462425,5.5837860862],"25":[51.9426897357,6.44838382093],"26":[51.6424489333,5.79017413749],"27":[52.6938856,6.90573507518],"28":[52.9339756333,5.81295285799],"29":[52.7305884818,4.7813138184],"30":[52.4456393909,4.66508906426],"31":[52.29984335,5.20178479616],"32":[51.5988559125,4.49945367872],"33":[52.77966695,6.27150000479],"34":[53.3597478286,5.73160644094],"35":[53.02078005,6.56610481753],"36":[51.32252996,5.48269373401],"37":[52.0487802786,4.3201188159],"38":[51.8668307833,4.91835018565],"39":[51.4957494667,6.07127312461],"40":[52.6774125937,5.16633161147],"41":[52.309228875,6.6208597193],"42":[52.12626245,5.90438133799],"43":[51.5337439125,3.80606410791],"44":[51.5574327625,5.11971736746],"45":[52.22829141,4.52594799319],"46":[52.33599915,5.64027162139],"47":[51.87644358,5.73006916351],"48":[52.2645044667,4.98459838187],"49":[52.935686875,6.84530313297],"50":[51.5032390667,4.28936221009],"51":[51.7775080083,4.29660025856],"52":[53.03427164,4.81667153767],"53":[53.1909666667,6.23651675314],"54":[53.081819275,6.70419649696],"55":[51.8831271667,4.71965369077],"56":[51.94413736,5.05812097812],"57":[52.0694766875,6.09579065436],"58":[53.10958252,7.12255585717],"59":[53.3670438,5.31452903967],"60":[52.747044025,5.71491789697],"61":[51.42840391,5.8281049639],"62":[51.1815679333,5.84582632644],"63":[52.261731675,4.76237084776],"64":[52.008991125,5.36153706056],"65":[52.8648796091,6.0368346903],"66":[52.5497895417,6.28957921236],"67":[52.7934955929,5.0485152446],"68":[52.0778161714,5.18706279272],"69":[50.838830075,6.00978626413],"70":[52.1708147125,5.65351060534],"71":[51.9601832556,6.24787715492],"72":[51.31689835,3.49642702053],"73":[53.3755853875,5.9776923027],"74":[53.3066989062,6.63263274427],"75":[53.1232033857,5.75095685776],"76":[53.2853950625,6.09076319319],"77":[51.92084835,4.17818294622],"78":[51.68630645,4.71334293911],"79":[51.40005903,5.22070827069],"80":[51.4804911333,4.91814336176],"81":[52.03795969,6.597855231],"82":[51.0291092125,5.84908852245],"83":[52.2918535286,6.82418511843],"84":[52.9212742875,5.40533383963],"85":[51.61183191,5.40664412045],"86":[52.676803375,6.50416738421],"87":[51.473548675,4.63926600843],"88":[52.4906977125,5.06823113728],"89":[52.4964889583,5.85663238745],"90":[51.9301615,5.99944506654],"91":[52.7601759833,6.73907825609],"92":[51.71211559,5.9390577631],"93":[51.78861728,5.15599791054],"94":[53.0671623056,6.05683477578],"95":[53.1247787875,5.58897754234],"96":[51.7514483333,3.89476620313],"97":[53.2840835,6.40579428772],"98":[51.78084788,4.58841740657],"99":[50.8109475571,5.7981286745]}
