{"0":[50.83734215,5.78286249344],"1":[52.0538128967,5.684503017],"2":[52.8264990194,6.79343543198],"3":[52.0784300381,4.44494454009],"4":[52.9348233096,6.00785839059],"5":[51.34558955,3.50774225295],"6":[52.6811934879,4.98812047798],"7":[52.1648801639,6.2818216369],"8":[51.53245225,4.94485242424],"9":[51.6869555407,5.91970533148],"10":[53.146105862,5.49548584385],"11":[53.3213611575,6.10894897656],"12":[51.52791071,4.35049026973],"13":[51.9126520983,5.04907346878],"14":[52.5839898318,6.62299733547],"15":[51.3918086088,5.34624207463],"16":[51.82727356,4.1064264157],"17":[53.3563764304,6.51414034505],"18":[52.37232735,5.89404394342],"19":[52.3894586143,4.64606820135],"20":[51.8035523385,4.50826348551],"21":[52.3621580825,6.7339256053],"22":[51.3419561286,5.79627876496],"23":[52.2701258426,5.00980836338],"24":[53.1810890565,6.80143492349],"25":[53.2858486768,5.7099588006],"26":[51.5968397083,4.05545387466],"27":[52.8562875278,4.91698874317],"28":[51.9943855824,6.50724214365],"29":[52.9158875446,5.48158989146],"30":[53.0983165794,7.06993256157],"31":[53.0210581975,6.20812125747],"32":[51.9647806405,4.64990096126],"33":[51.3139432452,6.03822925259],"34":[51.4961359328,3.81641056039],"35":[51.78156412,5.51752826366],"36":[51.6442855619,4.78918860906],"37":[51.9108749196,5.9386248401],"38":[51.6938839775,5.33591270365],"39":[52.5010088765,5.98153709211],"40":[51.3555412472,4.06245194388],"41":[53.0558097278,6.3948334611],"42":[52.2413475405,5.36183658404],"43":[51.917441975,6.32807318524],"44":[52.5282709,4.83844003685],"45":[52.38661925,6.4523652669],"46":[53.1537047077,6.05932509338],"47":[50.8760151227,5.94089905823],"48":[51.9988436276,4.26835357367],"49":[51.5696024543,4.57764368892],"50":[51.3139301667,5.56887749457],"51":[51.8870799559,5.30450309194],"52":[51.90709006,4.81223498968],"53":[52.8930039525,5.80997393544],"54":[53.3461744857,6.75290556986],"55":[51.1653583182,5.92131330754],"56":[53.0736244414,5.65010105641],"57":[52.67326061,5.71427178091],"58":[52.8059881205,6.18539717577],"59":[53.2861561288,5.93272500413],"60":[52.3040854462,5.69524088346],"61":[51.8781616339,5.68520909068],"62":[53.0297473875,6.76064137294],"63":[52.1908527967,6.60125873999],"64":[52.7075184375,6.94324933322],"65":[52.4932245056,5.0241732028],"66":[52.17599871,6.04754684237],"67":[53.2453002,6.29816910271],"68":[51.5245481028,3.56017897306],"69":[51.6625076222,5.7504222253],"70":[52.212062587,4.54942175355],"71":[52.0897209152,5.19879609012],"72":[52.7278959625,4.75471825337],"73":[51.277674005,3.85613194923],"74":[52.6862566842,5.18749044245],"75":[52.68231955,6.02884017144],"76":[51.9797174296,6.12755698662],"77":[51.77876213,4.28194998205],"78":[52.3684465706,6.17736611987],"79":[51.7140458864,3.84863656585],"80":[52.164643954,4.77246444629],"81":[53.2553252769,7.00607784196],"82":[51.0005370341,5.81964460546],"83":[51.4531934618,5.17478399532],"84":[52.90301795,7.01210889734],"85":[52.0823224676,4.97051420548],"86":[51.50901266,5.60199213511],"87":[52.8023926447,6.54910100376],"88":[51.7484722095,4.98538213441],"89":[51.7209776063,5.16848559592],"90":[52.3382382824,6.93180021387],"91":[53.1289912974,6.57967278586],"92":[53.36490485,5.29117216494],"93":[51.506774325,6.05846062003],"94":[53.0867751063,4.86745622706],"95":[52.0248152688,5.46453534147],"96":[53.0967165,5.80664153254],"97":[52.5462109538,4.67576408994],"98":[51.9938654958,6.69273097148],"99":[52.6455786048,6.38712153061],}