{"0":[51.0074961826,5.87977850554],"1":[53.0634708709,5.64670103652],"2":[51.7216235317,5.06505192618],"3":[52.1368557974,6.13839866965],"4":[51.8956033975,4.48161020846],"5":[53.1180590932,6.79678929439],"6":[51.4961336786,3.86153433961],"7":[51.991250754,5.46735429021],"8":[53.0752814922,6.15275944524],"9":[52.4249959699,6.64354655195],"10":[51.5401068821,5.84523969982],"11":[52.5546579858,4.8807557376],}