{"0":[52.6927387962,5.73896022992],"1":[51.87333842,5.00621200976],"2":[51.6793063304,5.91610247309],"3":[51.4280367667,3.82231365257],"4":[53.0343308412,6.48460949076],"5":[52.86842905,4.94225945505],"6":[52.1245361882,6.26060790048],"7":[50.9731262632,5.84653605916],"8":[52.1394184921,4.43720564704],"9":[53.3181053,5.73167087578],"10":[52.8922255071,7.01452874088],"11":[51.971499248,5.36282539966],"12":[51.8101630611,4.35727515681],"13":[52.5730944194,6.62602677238],"14":[52.5052303109,4.83825042748],"15":[51.3937053184,5.3107666371],"16":[52.0908720187,6.05869888687],"17":[52.9761077978,6.80323280501],"18":[53.3291590969,6.23291821559],"19":[52.9487132154,5.60175141092],"20":[51.509884595,4.65859845374],"21":[51.3043303559,5.82692222285],"22":[52.4921552925,5.94283081915],"23":[53.1930209596,6.10753433766],"24":[51.6988163079,5.49606009641],"25":[51.4966607929,4.03235931782],"26":[51.676350435,4.68861234711],"27":[52.3376031833,6.94374317086],"28":[52.4073221683,4.64169133267],"29":[51.9926249188,6.66286650149],"30":[53.3535028727,6.71404390304],"31":[51.8972743442,5.97890519364],"32":[52.749056928,4.76091360274],"33":[52.6496388432,6.38186562324],"34":[53.1249024407,5.76124858179],"35":[51.9479842944,5.75056221893],"36":[52.3790758025,6.28397052007],"37":[52.2003962565,5.23207794174],"38":[52.2209172139,4.77550298972],"39":[52.6889182389,5.13029793031],"40":[51.615828958,4.87494268733],"41":[53.2502504614,6.90215954898],"42":[51.3747300955,5.55932061146],"43":[51.4724210947,5.09395133265],"44":[51.5239361132,3.56741640915],"45":[53.1229894421,5.47126298236],"46":[52.15032365,5.48083449901],"47":[51.1600476629,5.92415288992],"48":[51.8390346775,4.617158744],"49":[52.3748252353,6.55970093895],"50":[51.502680495,4.30971072375],"51":[52.8330874241,6.13236218953],"52":[52.0190600083,4.28712640583],"53":[53.2903851843,5.96425442266],"54":[52.5972006333,4.71016434605],"55":[51.7113845175,5.07950921517],"56":[51.5093744486,6.06014463775],"57":[52.282868,5.69775044608],"58":[52.0494429737,4.81677967538],"59":[52.7652678429,6.59033999308],"60":[51.921496419,6.41362271989],"61":[51.2999700088,4.01168079696],"62":[51.8900429333,5.55195867133],"63":[51.8228141109,5.2709933117],"64":[50.8291949069,5.88299631581],"65":[52.3037559125,6.05490997116],"66":[51.6447915206,3.80923975391],"67":[52.7304460667,6.88372636608],"68":[53.1322594982,6.68630170739],"69":[52.2312182081,5.00052015278],"70":[53.1655255975,6.29759313054],"71":[51.70621635,4.07346097752],"72":[51.7372919292,5.72982677317],"73":[52.6812386896,4.93077174352],"74":[51.34558955,3.50774225295],"75":[52.5013927417,5.0107863217],"76":[53.1714701696,5.60930477893],"77":[53.0719170222,4.86293597626],"78":[51.8850052974,4.82791022401],"79":[52.9124453205,5.84426333321],"80":[51.9994584271,5.12894653628],"81":[52.9076655733,5.39913557872],"82":[52.2026996083,4.57851122191],"83":[51.9998847111,4.5913653764],"84":[51.9361961289,6.20266643206],"85":[52.337451675,6.76262627122],"86":[51.7072538464,4.45809189498],"87":[51.6556545447,5.28102963628],"88":[51.3185717341,6.03646974111],"89":[52.1437842441,6.54482546679],"90":[52.6707901567,6.04708635364],"91":[53.1242580452,7.07591802883],"92":[52.4551096875,5.36218074943],"93":[52.9672833944,6.28766383533],"94":[53.31213715,6.48492090807],"95":[51.5186447312,5.70394236949],"96":[51.5694183929,4.50658231244],"97":[53.36490485,5.29117216494],"98":[51.884724125,4.18208177794],"99":[53.0107534833,6.01381000548]}
