{"0":[51.50949265,5.15825516723],"1":[52.6002071,6.6679366878],"2":[52.54201115,5.02748879571],"3":[51.88453276,4.09335131731],"4":[51.8961063687,6.10663778511],"5":[52.87783051,6.01831342301],"6":[52.02528518,5.21528523415],"7":[51.312023325,5.87276257484],"8":[53.0570760929,6.61816643448],"9":[51.2837844333,3.80706871596],"10":[51.6376306143,4.43125007409],"11":[53.1746641062,5.71938838154],"12":[52.2546664812,4.69626892487],"13":[50.8158313556,5.76117342951],"14":[52.1602363,6.51327073722],"15":[51.7506566625,5.74578766942],"16":[53.2059965,6.11096808711],"17":[53.1622995125,7.04831899155],"18":[52.5143896714,5.91348820167],"19":[51.8375246583,4.58826223051],"20":[53.0457022333,4.76053107875],"21":[52.9596074833,5.5309378971],"22":[51.8648918167,4.97927459261],"23":[52.6406162,4.69332905305],"24":[51.910813575,5.53930009389],"25":[53.3335134,6.60736686797],"26":[51.5274420188,3.49471344755],"27":[52.239148325,6.87541533205],"28":[52.150189725,6.0370113674],"29":[51.4356148333,6.16298203446],"30":[51.57903015,5.4884333049],"31":[52.61136975,6.27685676464],"32":[51.5789897375,3.80237011757],"33":[52.23902136,5.04810189918],"34":[52.1814309583,4.41874884425],"35":[52.0579196143,5.39344740662],"36":[50.955622,5.93657445207],"37":[52.8784046429,6.85251854947],"38":[51.9505129,6.62164083341],"39":[52.37317116,5.68152068475],"40":[51.8480117417,5.28936365992],"41":[53.15221929,6.39016342989],"42":[52.69033629,5.22513678014],"43":[53.1801010583,5.47113038845],"44":[51.9889738929,4.75254917077],"45":[51.2849292071,5.56819216085],"46":[51.5336588,4.81589188645],"47":[51.4555614333,4.30670157985],"48":[52.86840967,4.96619561631],"49":[51.3119804929,4.0688376506],"50":[52.5837530125,6.50534620845],"51":[53.0881125188,6.78134076506],"52":[51.5506500571,6.05647873045],"53":[52.00224636,5.93922016443],"54":[52.8252113,5.69326642242],"55":[52.42809237,4.61897388938],"56":[52.8768528143,6.17228145964],"57":[52.75320275,6.50420610649],"58":[52.3006728389,6.76977070303],"59":[53.3240485857,5.89667921852],"60":[52.9598551357,5.79147907308],"61":[52.2042552,6.30277911047],"62":[52.5868007778,4.88723189875],"63":[51.96979475,4.32320500584],"64":[52.2555429357,5.25054474038],"65":[51.9135852938,6.2279097427],"66":[51.3433211,5.30786733225],"67":[51.46766518,5.7793298527],"68":[52.8490940625,7.04504064434],"69":[51.7537033063,5.03548395713],"70":[51.2226337786,5.97747931224],"71":[51.6195820875,4.68449004752],"72":[53.36206359,6.8489167245],"73":[52.51286576,4.73191033901],"74":[52.70611645,7.00713971039],"75":[51.7840403944,5.35031510543],"76":[53.362595375,5.98833902729],"77":[51.7005624778,5.92897147528],"78":[52.3390108812,6.0856409118],"79":[51.67432881,4.17856663166],"80":[51.0603085071,5.81610288363],"81":[53.2989102571,6.4996882412],"82":[52.3755304625,6.99730117695],"83":[50.7915657125,5.87601667743],"84":[52.062513625,4.603065858],"85":[53.3800034667,5.32726942645],"86":[52.1687468429,4.86514171735],"87":[51.53219021,5.63395322899],"88":[53.0194040286,5.60926226316],"89":[52.75411523,6.02556990487],"90":[53.0713540571,6.41020758054],"91":[53.118351325,5.9556232688],"92":[52.1046865667,5.74791772834],"93":[51.8512241071,5.89209062275],"94":[51.66353941,4.00907357053],"95":[52.67768001,5.05404418745],"96":[52.809455,4.74390021833],"97":[51.7579822833,5.65269843267],"98":[51.7909698857,4.32419966951],"99":[53.0865172375,6.19940030622],"100":[53.2584402955,6.26091220337],"101":[52.474405625,6.40864465183],"102":[52.4780324889,4.95303593557],"103":[51.5083772875,3.60188008214],"104":[51.9489768111,5.79391307211],"105":[51.5030329417,3.98027982987],"106":[52.0390358611,6.15482258753],"107":[51.9762045917,6.46403381898],"108":[51.60761727,5.33624705762],"109":[52.1607015,4.60413177396],"110":[52.4817053357,6.66044150934],"111":[52.7197870143,6.76490321903],"112":[52.121577525,5.59910001162],"113":[52.03662351,4.94983165872],"114":[52.559903025,5.70073746129],"115":[51.6831292333,5.54610893699],"116":[51.8843062,4.80157566799],"117":[53.4190984375,5.68718602206],"118":[51.3879163857,5.59243318146],"119":[52.82336695,5.81924792463],"120":[53.144902325,6.59135089079],"121":[51.34023093,3.47461497443],"122":[53.31948685,6.73748122999],"123":[52.23062095,5.3606560932],"124":[53.2116682667,6.9547632788],"125":[50.8141933375,5.97789372335],"126":[51.5162541833,5.02286991199],"127":[51.47288288,4.64362224674],"128":[52.4569628,6.55607632594],"129":[51.8930083909,6.36015571104],"130":[52.04528185,5.128300147],"131":[51.8898257937,4.2231037039],"132":[51.4750704389,3.88656900723],"133":[52.294523265,4.92496113768],"134":[52.0346384833,6.27575404466],"135":[52.99633605,5.27097595219],"136":[53.1111447958,5.64603738602],"137":[51.7611105667,5.11804333827],"138":[53.2934463278,5.78476162464],"139":[52.2790906333,5.95677700861],"140":[51.6679524,4.83288628512],"141":[51.7215996167,3.90506492575],"142":[52.74374705,4.89753818047],"143":[53.368524825,6.36210494998],"144":[51.9878407857,5.6877060782],"145":[53.0775408375,5.75513150995],"146":[52.44994932,6.20911344223],"147":[53.0672085167,4.91994380677],"148":[51.1468006833,6.04727074718],"149":[51.3939723167,6.02432901096],"150":[52.9839362083,6.05035527171],"151":[52.3306248667,6.55863314091],"152":[51.99742007,4.20969830253],"153":[50.941685955,5.76569634818],"154":[51.9513940591,5.32097410624],"155":[52.9751691,6.75938833946],"156":[51.2128220357,5.81501691408],"157":[52.8158366667,6.59403896046],"158":[52.95092359,6.40220200302],"159":[52.5931499214,4.79602684732],"160":[51.5882368278,5.7166382011],"161":[51.5380626833,4.56003153826],"162":[52.659848725,6.44450348549],"163":[51.9018028286,6.0179766984],"164":[52.6270220917,6.03126684817],"165":[51.88070095,4.68376498866],"166":[52.516780275,5.39066525022],"167":[53.08825896,5.48678272367],"168":[52.1469502071,5.18609419276],"169":[53.221308575,5.91791605592],"170":[53.051665125,6.97308876548],"171":[52.129048775,6.74887546355],"172":[51.8959062429,5.39233148735],"173":[51.6179998333,5.9343405495],"174":[52.3675052,6.31963040731],"175":[51.8663884143,5.08059731268],"176":[52.02286025,4.41084531628],"177":[52.1051029417,6.61794716958],"178":[51.1912542875,5.88278640388],"179":[52.0806101286,4.78217316021],"180":[51.50824934,5.94628748132],"181":[53.2249891167,7.1570677597],"182":[52.4809432773,4.81354811717],"183":[52.6987216125,6.16739266819],"184":[52.2303289857,4.54871093205],"185":[52.6978396786,5.7371902845],"186":[52.65573374,6.56380803365],"187":[51.8649787438,4.41299542156],"188":[51.620902925,5.19437584657],"189":[52.82159675,6.74911294741],"190":[51.334630525,3.97741802311],"191":[52.1823974571,4.76300783376],"192":[52.840487825,6.3171254642],"193":[52.7368398333,5.53050495982],"194":[51.700976875,4.30150175686],"195":[50.8859773818,5.86356064024],"196":[53.3956024,6.49335059792],"197":[52.1834197444,5.46862284069],"198":[53.0045161,7.18702332493],"199":[52.07475916,4.27676093643],"200":[53.1330918833,6.27907340074],"201":[52.886989475,5.38464567238],"202":[51.4135054,4.37043328021],"203":[53.2937640583,5.66423233585],"204":[52.3039872,6.20100069248],"205":[52.0513628714,5.55080586656],"206":[51.97242085,6.73464748964],"207":[52.1574097937,4.99498614475],"208":[53.19741018,5.56076313428],"209":[51.8211885833,5.48272874925],"210":[52.6426236056,4.96438095464],"211":[51.87718694,4.87776749665],"212":[51.6838078875,4.95150057411],"213":[52.40815789,6.8088531138],"214":[51.38346885,5.16808778055],"215":[51.3690282333,5.40824547124],"216":[52.178038425,6.12711735537],"217":[52.6573734,5.92736635462],"218":[52.7015449385,4.78470691945],"219":[53.2369455714,6.37799649283],"220":[53.2942070375,6.1382816602],"221":[51.7749593,4.47204588245],"222":[51.722937,3.77549096042],"223":[52.87812665,4.81615909984],"224":[53.2617473182,6.00681809243],"225":[51.54897332,4.09079641298],"226":[51.7682695083,4.06724958581],"227":[51.5576040875,3.67819316599],"228":[51.9677514375,4.62823433993],"229":[51.4332451429,3.80086676153],"230":[53.21327967,6.80110400433],