{"0":[50.9610240222,5.94355820809],"1":[53.121759165,5.61774684667],"2":[51.89824529,4.64548757661],"3":[52.2965342,6.30962273306],"4":[53.24072064,6.47910265876],"5":[51.8690437188,5.27713793088],"6":[51.4885368375,3.6209015202],"7":[52.7657086278,4.87777043794],"8":[51.7154097056,5.95187724271],"9":[52.58893725,6.70192500687],"10":[51.5585601062,4.27365008071],"11":[53.2790016083,5.89429333681],"12":[51.263191475,5.5696833586],"13":[52.9836956375,6.78019309936],"14":[52.7378956,6.16143124493],"15":[52.2278263375,4.97614126335],"16":[51.88453276,4.09335131731],"17":[52.45100126,5.90617004191],"18":[51.6875087667,4.91190662208],"19":[52.02814702,6.22078028694],"20":[51.3383401,5.98070019621],"21":[51.5137410357,3.89437042334],"22":[52.26161085,4.5751564966],"23":[51.630272425,5.61334776857],"24":[52.185875475,5.4776272021],"25":[52.6369061625,4.96695686535],"26":[52.9430234833,5.97282373335],"27":[51.3819517563,5.40513186093],"28":[52.129048775,6.74887546355],"29":[52.9746528,7.15535568866],"30":[51.9901987833,5.77767111353],"31":[53.33672355,6.86705704421],"32":[53.212527625,6.08123619391],"33":[51.9632195444,5.11453824572],"34":[51.118077295,5.92168808932],"35":[51.4765491,4.66132341336],"36":[51.62113685,5.2203608506],"37":[52.281735125,6.89741937156],"38":[52.443066555,4.60805480891],"39":[50.780208775,5.82815702945],"40":[52.63411925,5.68220497152],"41":[52.0197278625,5.57405312103],"42":[51.9300454,4.38645105262],"43":[52.87225425,6.36369902529],"44":[52.9409999667,5.30582684068],"45":[52.2607930083,5.19453228074],"46":[53.0602132,4.89242046904],"47":[52.5837530125,6.50534620845],"48":[51.3274602167,4.09462401598],"49":[52.0789864,4.75322286429],"50":[51.99553262,6.48468676292],"51":[52.263373425,6.07547817989],"52":[51.4250526,5.71941470167],"53":[53.2055539778,6.28078790896],"54":[52.05511052,6.07245397382],"55":[52.4808013357,4.86086500881],"56":[52.76849702,6.04780574745],"57":[53.21432561,5.66628409701],"58":[52.6665843063,5.05713583785],"59":[53.3800034667,5.32726942645],"60":[52.2542800125,6.63182905884],"61":[51.7483150143,4.12420887714],"62":[51.37280505,3.54834744578],"63":[51.8932896875,4.93551771683],"64":[51.7506566625,5.74578766942],"65":[53.3954656833,6.64027152755],"66":[53.16460352,6.57303448714],"67":[52.7069935071,6.99599797075],"68":[53.0200846214,6.11168971615],"69":[51.8166209437,5.55446312286],"70":[51.532587905,6.07407072823],"71":[51.803923375,4.00859498146],"72":[51.5782146929,4.91196247315],"73":[51.65237785,4.65763931658],"74":[53.1924948222,6.77158808591],"75":[52.7420036,4.67242565821],"76":[53.1361209625,5.80185504182],"77":[51.8813844,6.10560253416],"78":[51.39334295,5.20960911888],"79":[52.10125483,4.43341154266],"80":[51.7230161167,5.0346409053],"81":[51.2410639667,3.84943318501],"82":[51.7307486,4.44684317818],"83":[53.2503338875,7.04488568113],"84":[52.99317705,5.53609148951],"85":[52.0134808,5.32431087909],"86":[53.0790753375,6.41240599958],"87":[52.4901116333,5.08033195557],"88":[52.77123265,6.61680891495],"89":[53.0718968833,5.50030108669],"90":[52.593149275,6.26514569637],"91":[53.36388811,5.79353903493],"92":[51.7101010333,5.28823769229],"93":[51.50121473,5.53915719941],"94":[52.0199104583,4.29418204399],"95":[52.8177478667,6.88222738601],"96":[51.6198521333,3.96035638359],"97":[50.941685955,5.76569634818],"98":[52.2805301,5.61654445],"99":[52.7022818333,5.22299913962],"100":[51.8983708714,5.9583774392],"101":[52.4088649818,4.69054487412],"102":[51.4206865833,4.35201617719],"103":[52.982746,6.26213226607],"104":[52.96527715,5.02067645369],"105":[53.37854497,6.06848554936],"106":[52.1162696333,4.68489373976],"107":[51.6172714,4.53851142713],"108":[52.83922297,5.92500174454],"109":[51.5441150625,5.74696175571],"110":[52.8252113,5.69326642242],"111":[51.7363823375,3.85825335862],"112":[52.5051803667,6.66336389859],"113":[51.8986991,6.3706748194],"114":[52.37498848,6.06653493453],"115":[51.9684261286,6.72400876255],"116":[50.855913425,5.98276070774],"117":[51.712672655,5.48975624118],"118":[52.2518631375,5.95183832412],"119":[51.6207332063,5.90463720395],"120":[51.8557225071,5.00230120884],"121":[51.192308165,5.83703768053],"122":[52.516780275,5.39066525022],"123":[51.82925725,5.46614914764],"124":[52.9532437214,5.78145882884],"125":[52.63076555,6.04767902759],"126":[52.43423145,6.19746995729],"127":[52.898324325,4.82245975247],"128":[51.2662158643,6.02826846557],"129":[53.3473569667,6.53626477708],"130":[51.911766105,4.81555754961],"131":[52.03409162,4.51607862804],"132":[52.3900167,6.55206517881],"133":[53.12457253,7.13798879793],"134":[53.1032337,6.87042642221],"135":[52.69745045,6.51973432945],"136":[52.0843816417,5.12949426475],"137":[53.4190928167,5.6635998014],"138":[52.40478865,6.70581068783],"139":[52.13624502,5.28370438688],"140":[52.1282133833,6.58413746386],"141":[52.052571375,4.91054866463],"142":[52.7710734667,6.80023101241],"143":[53.1264189333,6.04620492891],"144":[51.8701125417,5.77691607471],"145":[51.4705255625,6.15767237277],"146":[51.8169288125,4.50374112531],"147":[52.5539321667,5.94191166598],"148":[52.1938320071,4.50714819951],"149":[51.8802925056,4.21483568132],"150":[52.861393575,6.58604593028],"151":[51.796550135,5.21329079256],"152":[51.5439538375,5.08781426746],"153":[52.37317116,5.68152068475],"154":[51.9885513929,6.59663471389],"155":[52.89308255,6.50977232327],"156":[52.228459225,4.84160122427],"157":[52.556902725,4.65079055211],"158":[52.3173909857,4.91629786899],"159":[51.33218254,5.83124261141],"160":[51.5806201429,3.79046974865],"161":[52.497668125,4.95835106558],"162":[53.3747296167,6.40156054423],"163":[53.2115933667,5.5484777068],"164":[52.1783298687,6.24338936662],"165":[53.21135895,5.93727526654],"166":[52.31074055,5.06335735769],"167":[51.80895433,4.28040854348],"168":[51.9689227583,5.46689736537],"169":[52.48757784,4.76433144067],"170":[51.5260952318,3.51455244174],"171":[51.7437740063,5.85835768355],"172":[53.08031145,6.67496115182],"173":[53.2365471071,6.67915121969],"174":[52.32823464,6.75821241466],"175":[51.4884022333,4.86679888066],"176":[52.40548145,6.3212561878],"177":[51.56384845,4.13352217666],"178":[52.8716276417,6.20671085038],"179":[51.777332495,4.57752739862],"180":[52.84262604,4.75286333391],"181":[52.60666436,4.76876137338],"182":[52.2774553667,5.27344811964],"183":[51.99818208,5.99387860851],"184":[52.7488688,4.97603695963],"185":[52.64367745,6.31469617736],"186":[51.91894508,6.21207798052],"187":[51.658014725,5.38693285727],"188":[51.33340778,5.30114889108],"189":[52.3991113375,6.98562076346],"190":[50.859463175,5.82380272079],"191":[53.0291717,6.94533780183],"192":[52.3193756071,6.17123624693],"193":[53.0756361214,6.25105577808],"194":[51.65160625,4.83550279351],"195":[53.31948685,6.73748122999],"196":[53.28151106,6.23435257856],"197":[51.434886,5.88146960296],"198":[52.8933162,5.44126393556],"199":[53.02327575,5.97827179771],"200":[53.24641295,6.93956928946],"201":[52.9082914167,6.97464622283],"202":[51.3421872333,3.63417441797],"203":[52.94811224,6.08010963928],"204":[50.8129346083,5.74184469697],"205":[53.1625622333,5.48459299967],"206":[51.508407125,4.0355680173],"207":[51.6290664,4.42967868742],"208":[53.1274715,5.2794661759],"209":[52.0372055643,5.22871477224],"210":[50.8049376357,5.91026395557],"211":[51.33761297,6.12325329445],"212":[52.02469863,5.01853734518],"213":[52.2630673917,4.71021952161],"214":[50.99856025,5.84786509462],"215":[53.2672357083,5.78469058455],"216":[51.2403159167,5.70714314213],"217":[52.6897661778,4.79863989421],"218":[51.6469791889,5.78298238667],"219":[52.0318693,5.66633024932],"220":[51.4314230429,3.81264495923],"221":[51.9107131929,5.53327414729],"222":[51.42004865,5.58258301662],"223":[51.8965520625,5.72604945978],"224":[51.8356348583,4.73521866469],"225":[51.0603085071,5.81610288363],"226":[51.1566737,6.03165206581],"227":[51.4460689375,6.03216337732],"228":[52.9871505333,5.44386458839],"229":[52.1358110571,4.99332780584],"230":[52.3358476,4.58930421245],"231":[52.6333523357,6.60582952432],